id,niveau,mode,tag,titre,objectif,duree,pitch,intro,mission,hint,ex,sim,sim2,data,urls_visuels,index_intrus,legendes,chrono,final,juge,gagnant,ouverture,contexte_ia
intrus101,1,intrus,Escale INTRUS - Objectif farniente,"Vraie photo, fausse photo",Repérer les signatures visuelles d'une image générée par IA.,1 min,"Parfois, c'est évident","Les images générées sont partout - et souvent bluffantes. Mais elles laissent des indices : lumière incohérente, doublons impossibles, textes déformés. À toi d'inspecter.",Désigne l'intrus généré par IA. Clique 2 fois pour valider.,Le diable est dans le détail.,,,,,"https://i.postimg.cc/XYDrnbhp/bel-homme-lisant-livre-allonge-chaise-pres-piscine-176420-4071.jpg|https://i.postimg.cc/g0qHMrrx/d9461184-5dd0-4bbf-b075-7459e1348817.jpg|
https://i.postimg.cc/FzD9GbXB/jeune-femme-apprecier-soleil-1385-1469.jpg",1,"Crédit : https://www.magnific.com/fr|Une personne avec des jambes collées, même si c'est l'apéritif, ça n'existe pas. L'IA peut parfois faire des erreurs grossières et qui sont facilement repérables mais ce n'est pas forcément le cas tout le temps. (image issue de https://shutterflop.insign.fr/)|Crédit : https://www.magnific.com/fr",,,,,,
Biketrip-col1,1,prompt,Escale - Break collectif,Premier départ,Observer ce que fait l’IA quand la demande est volontairement floue.,5 min,Lance une première demande simple et regarde comment l’IA se débrouille.,"Tu veux organiser une sortie sympa avec tes collègues ? Parfait… mais ton IA n’a pas encore réservé ses vacances avec toi ! Commence par lui expliquer clairement ce que tu attends. Teste plusieurs façons de formuler la même demande et compare les résultats. Tu verras qu’avec quelques précisions, les réponses deviennent vite plus utiles. À toi de faire progresser ton prompt !

Pour commencer, formule une demande simple, sans trop réfléchir. L’idée est de voir comment l’IA se débrouille quand tu lui donnes peu d’informations. Observe si elle part dans la bonne direction, si elle invente des détails, ou si elle te pose des questions. Pas inspiré ? Tu peux tester le prompt modèle via le bouton exemple !","Écris une demande simple pour organiser une demi-journée de vacances entre collègues, puis demande une réponse à l’IA.",Ne cherche pas encore le prompt parfait : observe d’abord ce que l’IA fait avec le flou.,Aide-moi à organiser une demi-journée de vacances entre collègues.,"Organiser une demi-journée de vacances entre collègues peut être une excellente façon de renforcer les liens et de se détendre ensemble ! Voici quelques idées et étapes pour t’aider à structurer cette activité. 
1. Définir les attentes et le budget
Objectif : Détente, team-building, découverte, ou simplement s’amuser ?
Budget : Combien chaque participant est prêt à dépenser ? (ex. : 20-50€ par personne)
Nombre de participants : Pour adapter l’activité.
2. Choisir une activité
Voici quelques idées adaptées à une demi-journée (3-4h) :
Activités culturelles
- Visite guidée d’un musée ou d’un lieu historique (ex. : Musée d’Orsay, Château de Versailles).
- Escape game en équipe (idéal pour le team-building).
Activités nature
- Randonnée ou balade en forêt (ex. : Forêt de Fontainebleau).
- Pique-nique dans un parc (ex. : Parc des Buttes-Chaumont à Paris).
- Location de vélos ou trottinettes pour explorer une ville.
Activités ludiques
- Atelier créatif (poterie, peinture, cuisine).
- Jeu de piste ou chasse au trésor dans la ville.
- Session de jeux de société dans un café ludique.
Activités gourmandes
- Dégustation de vins ou de fromages.
- Atelier de pâtisserie ou de cuisine.
- Brunch ou déjeuner dans un restaurant insolite
3. Logistique
- Transport : Covoiturage, transports en commun, ou location d’un bus ?
- Réservations : Si nécessaire (ex. : restaurant, atelier, escape game).
- Horaires : Prévoir un créneau précis (ex. : 9h-13h ou 14h-18h).
4. Exemple de planning type
| Heure | Activité |
|-------------|-----------------------------------|
| 14h00 | RDV devant le lieu de l’activité |
| 14h30-16h00 | Activité principale |
| 16h00-17h00 | Pause café ou goûter |
| 17h00-18h00 | Temps libre ou retour |
5. Petits plus
- Prévoir un photographe désigné pour immortaliser la journée.
- Offrir un petit cadeau souvenir (ex. : photo de groupe imprimée).
- Sonder les collègues pour choisir l’activité ensemble.
Question pour toi : As-tu déjà une idée du type d’activité qui pourrait plaire à ton équipe ? Ou veux-tu que je t’aide à affiner en fonction de votre localisation ou de vos centres d’intérêt ?",,,,,,,,,,,Organiser une demi-journée de vacances entre collègues.
Biketrip-col2,1,prompt,Escale - Echappée estivale,Carte en main,Comprendre comment le contexte et les contraintes rendent une réponse plus adaptée.,5 min,Apprends à donner du contexte à ton IA et vois les réponses évoluer,"Cette fois, tu vas aider un peu plus ton IA. Donne lui le contexte, le rôle qu’elle doit jouer, l’objectif à atteindre et quelques contraintes. Le but est de voir si la réponse devient plus adaptée, plus réaliste et moins générique.","Écris un prompt plus cadré pour obtenir une proposition de demi-journée simple, conviviale et facile à organiser.",Le contexte aide l’IA à comprendre la situation ; les contraintes l’aident à rester dans le cadre.,"Contexte : nous sommes un groupe de 6 collègues dans une ESN et nous voulons organiser une demi-journée légère pendant l’été.
Rôle : tu es un organisateur d’activités d’équipe.
Objectif : propose une demi-journée simple, conviviale et facile à organiser.
Contraintes :
- budget raisonnable ;
- activités accessibles ;
- ambiance vacances ;
- pas de programme trop chargé.","Voici une proposition de demi-journée estivale, conviviale et facile à organiser pour votre équipe de 6 collègues. L'idée est de mélanger détente, jeux légers et moments de partage, le tout dans un cadre décontracté et sans prise de tête.

---

Demi-journée 'Échappée Estivale'
Durée : 4h (exemple : 14h-18h)
Lieu : Un parc public avec espaces verts et tables de pique-nique (ex : Parc des Buttes-Chaumont à Paris, Parc des Buttes d'Or à Lyon, ou un parc local avec ombres et points d'eau).
Budget : ~15-25€ par personne (selon les options choisies).

---

1. Accueil et Icebreaker (14h-14h30)
- Activité : 'Le blind test des vacances'
- Préparez une playlist avec des tubes estivaux (années 80 à aujourd'hui) et des extraits de films cultes de vacances.
- Chaque équipe (2-3 personnes) note ses réponses sur une feuille. Le gagnant choisit le premier jeu de la suite.
- Matériel : Un smartphone + enceinte portable, papier/stylos.
- Budget : 0€ (ou 5€ pour un petit lot symbolique : glaces, bonbons).

---

2. Activité principale (14h30-16h)
Option 1 : Tournoi de jeux en extérieur
- Molky ou Pétanque : Jeux simples, accessibles à tous, et qui favorisent les échanges.
- Matériel : Achetez un set de Molky (~20€) ou empruntez un jeu de pétanque.
- Règles : Organisez un tournoi en 2-3 équipes. Le gagnant remporte un 'trophée' (ex : une couronne en papier ou un bracelet 'Roi/Reine de l'été').

Option 2 : Chasse au trésor photo
- Principe : Liste de 10-15 défis à photographier dans le parc (ex : 'une personne qui fait une figure de yoga', 'un objet bleu en forme de cœur', 'toute l'équipe en train de sauter').
- Matériel : Smartphones + liste imprimée.
- Budget : 0€ (ou 10€ pour un prix symbolique : une bouteille de limonade artisanale).

---

3. Pause gourmande (16h-16h30)
- Idée : Pique-nique partagé.
- Chacun apporte un plat ou une boisson (sucré/salé) à partager.
- Astuce : Thème 'Spécialités du monde' pour varier les saveurs (ex : tapas espagnoles, taboulé libanais, cookies américains).
- Budget : ~5-10€ par personne.

---

4. Clôture détente (16h30-18h)
- Activité : 'Le coin lecture et jeux calmes'
- Apportez des couvertures, des livres ou des jeux de cartes (Uno, Dobble).
- Variante : Si le parc a un point d'eau, prévoir des serviettes pour un moment 'pieds dans l'eau' (si autorisé).
- Budget : 0€ (ou 5€ pour des glaces à partager).

---

Checklist organisation
Tâche ; Responsable ; Budget ; Échéance
Réserver le parc (si nécessaire) ; [Nom] ; 0€ ; 1 semaine avant
Acheter le Molky/jeux ; [Nom] ; 20€ ; 3 jours avant
Préparer la playlist ; [Nom] ; 0€ ; 2 jours avant
Coordonner le pique-nique ; [Nom] ; 5-10€/pers ; 1 semaine avant

---

Pourquoi ça marche ?
- Simple : Pas de logistique complexe.
- Convivial : Jeux collaboratifs et moments de partage.
- Économique : Budget maîtrisé (max 25€/pers).
- Adaptable : Activités modulables selon la météo ou l'énergie du groupe.

---

Variantes selon vos envies :
- Remplacer le Molky par un volley-ball (filet portable ~30€).
- Ajouter un atelier DIY (ex : customisation de tote bags avec des feutres textiles, ~10€/pers).

---

Question pour avancer : Avez-vous une préférence pour l'une des options d'activité principale (Molky/Pétanque ou Chasse au trésor) ? Ou souhaitez-vous mixer les deux ?",,,,,,,,,,,Organiser une demi-journée de vacances entre collègues.
Biketrip-col3,1,prompt,Escale - Embarquement immédiat,Roadbook prêt,Voir comment un format attendu rend une réponse plus exploitable.,5 min,Demande une réponse structurée pour passer de l’idée au plan utilisable.,"Maintenant, tu vas pousser le prompt un cran plus loin. En plus du contexte et des contraintes, demande un format précis. L’objectif est de voir si l’IA produit une réponse plus facile à lire, à comparer et à utiliser directement.","Écris un prompt complet qui demande une proposition structurée sous forme de tableau, avec les informations utiles pour organiser la demi-journée.","Un bon format ne rend pas seulement la réponse plus jolie : il la rend plus facile à vérifier et à utiliser.
Les tableaux dans la réponse ne sont pas présentés dans ce cahier de vacances sous forme de tableau mais avec un séparateur mais n'hésite pas à essayer directement sur une plateforme IA.","Contexte : nous sommes un groupe de 6 collègues dans une ESN et nous voulons organiser une demi-journée légère pendant l’été.
Rôle : tu es un organisateur d’activités d’équipe.
Objectif : propose une demi-journée simple, conviviale et facile à organiser pour des personnes qui ne se connaissent pas toutes très bien.
Contraintes :
- budget maximum : 40 € par personne ;
- durée totale : 4 heures maximum ;
- ambiance vacances ;
- éviter les activités trop sportives ;
- limiter les déplacements.

Format attendu :
Présente la réponse sous forme de tableau avec les colonnes :
horaire, activité, objectif, durée, budget estimé, point d’attention.
Termine par une synthèse en 3 phrases.","Voici une proposition de demi-journée conviviale, légère et adaptée à votre groupe, respectant toutes vos contraintes.

Programme de la demi-journée estivale

Horaire ; Activité ; Objectif ; Durée ; Budget estimé (par personne) ; Point de vigilance
14h00 ; Accueil avec rafraîchissements ; Briser la glace dans une ambiance détendue ; 30 min ; 5 € (boissons, snacks) ; Prévoir des options sans alcool
14h30 ; Atelier 'Création de cocktails sans alcool' ; Favoriser les échanges et la créativité ; 1h ; 10 € (ingrédients, accessoires) ; Vérifier les allergies alimentaires
15h30 ; Jeu de société géant (ex : Molkky) ; Renforcer la cohésion d'équipe en extérieur ; 1h ; 5 € (location ou achat du jeu) ; Prévoir une alternative en intérieur (ex : jeux de cartes) en cas de pluie
16h30 ; Pause gourmande (glaces ou sorbets) ; Moment de détente et de partage ; 30 min ; 8 € ; Prévoir des options végétariennes/vegan
17h00 ; Balade digestive en bord de rivière ; Profiter de l'été et discuter informellement ; 1h ; 0 € ; Prévoir des parasols ou un lieu ombragé
18h00 ; Clôture avec tirage au sort (petits cadeaux) ; Finir sur une note positive et ludique ; 30 min ; 12 € (cadeaux symboliques) ; Prévoir des cadeaux neutres et inclusifs

---

3 conseils pratiques pour réussir la journée

1. Communication en amont : Envoyez un sondage pour confirmer les préférences (allergies, activités) et éviter les surprises.
2. Logistique flexible : Prévoyez un lieu avec un espace couvert (ex : parc avec abri ou salle polyvalente) pour basculer facilement en cas de pluie.
3. Désignation d'un référent : Nommez une personne pour coordonner les réservations et le budget afin de fluidifier l'organisation.",,,,,,,,,,,Organiser une demi-journée de vacances entre collègues.
Biketrip-col4,1,prompt,Escale - L'équipe pose ses valises,Pause transat,Comparer les réponses obtenues pour comprendre comment améliorer son prompt.,10 min,Compare tes résultats et repère ce que le cadrage change vraiment.,"Tu as maintenant plusieurs résultats issus des étapes précédentes. Appuie toi sur tes réponses du Break collectif, e l'échappée estivale et de l'embarquement immédiat pour comparer ce qui change quand tu cadres mieux ta demande. L’objectif n’est pas de choisir “la plus jolie” réponse, mais de comprendre ce que l’IA suppose, ce qu’elle respecte, ce qu’elle oublie, et ce que tu pourrais améliorer dans ton prompt.","Maintenant à toi de jouer, aide-toi des questions ci-dessous pour essayer de faire le prompt qui répond le mieux à ton besoin.

1. as-tu identifier des passages où l'ia fait des suppositions, pose des questions, ou les deux ? Est-ce que cela t’aide vraiment à mieux cadrer ta demande ?
2. Qu’est-ce qui devient plus précis ou plus adapté quand tu ajoutes du contexte et des contraintes ?
3. Qu’est-ce que le format demandé change dans ta capacité à utiliser la réponse ?
4. Même avec la meilleure réponse, que dois-tu encore vérifier avant d’agir ?","Ce qu’il faut retenir :
Un prompt vague peut quand même donner une réponse correcte… mais l’IA va devoir combler les trous toute seule. Parfois elle va supposer, parfois elle va poser des questions, parfois elle va faire un peu des deux.
Ton rôle, c’est de reprendre la main : préciser le contexte, ajouter les contraintes utiles, demander un format exploitable, puis relire avant d’utiliser. Un bon prompt ne garantit pas une réponse parfaite, mais il augmente clairement tes chances d’obtenir quelque chose d’utile.
Pour aller plus loin :
- Demande à l’IA : “Quelles infos te manquent avant de répondre ?”
- Ajoute un exemple du résultat attendu pour tester le few-shot.
- Teste les mêmes prompts dans d’autres LLM, modèles ou niveaux de réflexion.
- Transpose l’exercice à un cas pro : réunion, atelier, séminaire, plan d’action.",,,,,,,,,,,,,Organiser une demi-journée de vacances entre collègues.
Rotation101,1,rotation,Escale PUZZLE - Bord de mer,Le portrait-robot en morceaux,Reconstitue l'image pour découvrir le sens,6 min,"Neuf morceaux en vrac, une phrase mystère au bout : reconstruis",Tape les cases pour pivoter et remettre l'image à l'endroit.,Reconstitue l'image pour découvrir la phrase. Le tampon tombe quand l'IA valide ta réponse.,"Il travaille pour toi, étape par étape, sans que tu tapes chaque commande…",,,,https://i.postimg.cc/sD3LWgzv/Carte-Postale-1.png,,,,,,,,,
roadtrip-ville1,2,prompt,"Escale - Moment d'équipe, esprit large",Avis à chaud,Observer les limites d’une critique IA quand la demande reste très ouverte.,10 min,"Avant de sortir les lunettes de soleil, il faut vérifier si la réponse de l'IA tient vraiment la route.","Tu as demandé à l’IA d’organiser une demi-journée de vacances entre collègues. Elle t’a proposé un planning… super ! Mais avant de sortir les lunettes de soleil, il faut vérifier si sa réponse tient vraiment la route.

Dans cet exercice, tu vas apprendre à faire relire, critiquer et améliorer une réponse IA. L’objectif n’est pas de demander à l’IA de “valider” son propre travail, mais de l’utiliser comme aide à l’analyse. À toi de garder le volant : l’IA peut repérer des failles, proposer des ajustements, mais la décision finale reste humaine.","Tu as un premier planning en main, mais il faut vérifier s’il tient la route. Commence par demander une critique simple, sans guider l’IA. Observe si elle donne un avis utile, reste générale ou te renvoie des questions.

Demande un avis rapide pour faire critiquer le planning obtenu dans l’exercice précédent et vois ce que l’IA contrôle vraiment.","Quand tu demandes si c’est “bien”, l’IA choisit elle-même les critères d’évaluation.","Voici le planning proposé pour une demi-journée de vacances entre collègues : 
[Organiser une demi-journée de vacances entre collègues peut être une excellente façon de renforcer les liens et de se détendre ensemble ! Voici quelques idées et étapes pour t’aider à structurer cette activité. --- 1. Définir les attentes et le budget - Objectif : Détente, team-building, découverte, ou simplement s’amuser ? - Budget : Combien chaque participant est prêt à dépenser ? (ex. : 20-50€ par personne) - Nombre de participants : Pour adapter l’activité. --- 2. Choisir une activité Voici quelques idées adaptées à une demi-journée (3-4h) : Activités culturelles - Visite guidée d’un musée ou d’un lieu historique (ex. : Musée d’Orsay, Château de Versailles). - Escape game en équipe (idéal pour le team-building). Activités nature - Randonnée ou balade en forêt (ex. : Forêt de Fontainebleau). - Pique-nique dans un parc (ex. : Parc des Buttes-Chaumont à Paris). - Location de vélos ou trottinettes pour explorer une ville. Activités ludiques - Atelier créatif (poterie, peinture, cuisine). - Jeu de piste ou chasse au trésor dans la ville. - Session de jeux de société dans un café ludique. Activités gourmandes - Dégustation de vins ou de fromages. - Atelier de pâtisserie ou de cuisine. - Brunch ou déjeuner dans un restaurant insolite. --- 3. Logistique - Transport : Covoiturage, transports en commun, ou location d’un bus ? - Réservations : Si nécessaire (ex. : restaurant, atelier, escape game). - Horaires : Prévoir un créneau précis (ex. : 9h-13h ou 14h-18h). --- 4. Exemple de planning type | Heure       | Activité                          | |-------------|-----------------------------------| | 14h00       | RDV devant le lieu de l’activité | | 14h30-16h00 | Activité principale              | | 16h00-17h00 | Pause café ou goûter             | | 17h00-18h00 | Temps libre ou retour             | --- 5. Petits plus - Prévoir un photographe désigné pour immortaliser la journée. - Offrir un petit cadeau souvenir (ex. : photo de groupe imprimée). - Sonder les collègues pour choisir l’activité ensemble. --- Question pour toi : As-tu déjà une idée du type d’activité qui pourrait plaire à ton équipe ? Ou veux-tu que je t’aide à affiner en fonction de votre localisation ou de vos centres d’intérêt ?] 

Est-ce que ce planning est bien ?","Ton planning est déjà bien structuré, mais pour t’aider à l’affiner, voici quelques points à vérifier et des suggestions d’amélioration selon le type d’activité choisie.  
---   Points à vérifier dans ton planning actuel  Points à vérifier   | Élément               | À vérifier                                                                 
| |-----------------------|----------------------------------------------------------------------------| | 
Durée des activités | 2h pour l’activité principale : est-ce suffisant ? (ex. : un escape game dure souvent 1h30) | | 
Temps de pause     | 1h de pause café/goûter : est-ce nécessaire ou trop long ?                | | 
Transport          | As-tu prévu le temps de trajet entre les activités ?                     | | 
Flexibilité        | Prévoir un peu de marge pour les retards ou les imprévus.                 |  ---   

Suggestions d’ajustement selon l’activité   
Si activité culturelle (ex. : musée) 
- 14h00-14h30 : Accueil et briefing (si visite guidée). 
- 14h30-16h30 : Visite (2h pour un musée, c’est idéal). 
- 16h30-17h00 : Pause café dans le musée ou à proximité. 
- 17h00-18h00 : Temps libre pour explorer les alentours ou retour.   

Si activité ludique (ex. : escape game) 
- 14h00-14h15 : Accueil et explication des règles. 
- 14h15-15h45 : Session d’escape game (1h30 en moyenne). 
- 15h45-16h30 : Débriefing et pause café. 
- 16h30-18h00 : Activité complémentaire (ex. : jeu de société dans un café).   

Si activité nature (ex. : randonnée) 
- 14h00-14h15 : RDV et distribution des cartes/consignes. 
- 14h15-16h15 : Randonnée (2h de marche). 
- 16h15-17h00 : Pique-nique ou pause gourmande. 
- 17h00-18h00 : Retour ou temps libre pour explorer.  

---   Exemple de planning optimisé (version générique)  Planning optimisé   | Heure       | Activité                          
| |-------------|-----------------------------------| | 
14h00       | RDV et accueil                    | | 
14h15-16h15 | Activité principale (2h)          | | 
16h15-16h45 | Pause café/goûter (30 min)        | | 
16h45-18h00 | Activité secondaire ou retour     |  --- 

Question pour toi : 
- Quelle activité as-tu choisie ? 
Je peux t’aider à adapter le planning en fonction. 
- Veux-tu inclure un moment convivial (ex. : apéro, goûter) à la fin ?",,,,,,,,,,,Critique d’un planning de demi-journée de vacances entre collègues.
roadtrip-ville2,2,prompt,Escale - Team Beach Day,Checklist utile,Comprendre comment des critères précis rendent une critique plus complète et exploitable.,15 min,Sors ta checklist et passe d'un avis flou à une analyse structurée.,"Cette fois, tu ne demandes plus seulement si le planning est bon. Tu donnes à l’IA des critères pour examiner le budget, les déplacements, la fatigue ou les risques. Le but est de voir si la critique devient plus utile pour décider.",Écris un prompt qui demande une analyse du planning à partir de critères d’évaluation précis.,Les critères transforment un avis global en points de contrôle discutables et vérifiables.,"Voici le planning proposé pour une demi-journée de vacances entre collègues : 
[Voici une proposition de demi-journée estivale, conviviale et facile à organiser pour votre équipe de 6 collègues. L’idée est de mélanger détente, jeux légers et moments de partage, le tout dans un cadre décontracté et sans prise de tête. --- Demi-journée ""Échappée Estivale"" Durée : 4h (exemple : 14h-18h) Lieu : Un parc public avec espaces verts et tables de pique-nique (ex : Parc des Buttes-Chaumont à Paris, Parc de la Tête d’Or à Lyon, ou un parc local avec ombres et points d’eau). Budget : ~15-25€ par personne (selon les options choisies). --- 1. Accueil et Icebreaker (14h-14h30) - Activité : ""Le blind test des vacances"" - Préparez une playlist avec des tubes estivaux (années 80 à aujourd’hui) et des extraits de films cultes de vacances. - Chaque équipe (2-3 personnes) note ses réponses sur une feuille. Le gagnant choisit le premier jeu de la suite. - Matériel : Un smartphone + enceinte portable, papier/stylos. - Budget : 0€ (ou 5€ pour un petit lot symbolique : glaces, bonbons). --- 2. Activité principale (14h30-16h) Option 1 : Tournoi de jeux en extérieur - Molky ou Pétanque : Jeux simples, accessibles à tous, et qui favorisent les échanges. - Matériel : Achetez un set de Molky (~20€) ou empruntez un jeu de pétanque. - Règles : Organisez un tournoi en 2-3 équipes. Le gagnant remporte un ""trophée"" (ex : une couronne en papier ou un bracelet ""Roi/Rine de l’été""). Option 2 : Chasse au trésor photo - Principe : Liste de 10-15 défis à photographier dans le parc (ex : ""une personne qui fait une figure de yoga"", ""un objet bleu en forme de cœur"", ""toute l’équipe en train de sauter""). - Matériel : Smartphones + liste imprimée. - Budget : 0€ (ou 10€ pour un prix symbolique : une bouteille de limonade artisanale). --- 3. Pause gourmande (16h-16h30) - Idée : Pique-nique partagé. - Chacun apporte un plat ou une boisson (sucré/salé) à partager. - Astuce : Thème ""Spécialités du monde"" pour varier les saveurs (ex : tapas espagnoles, taboulé libanais, cookies américains). - Budget : ~5-10€ par personne. --- 4. Clôture détente (16h30-18h) - Activité : ""Le coin lecture et jeux calmes"" - Apportez des couvertures, des livres, ou des jeux de cartes (Uno, Dobble). - Variante : Si le parc a un point d’eau, prévoir des serviettes pour un moment ""pieds dans l’eau"" (si autorisé). - Budget : 0€ (ou 5€ pour des glaces à partager). --- --- Checklist organisation | Tâche | Responsable | Budget | Échéance | |-------|-------------|--------|----------| | Réserver le parc (si nécessaire) | [Nom] | 0€ | 1 semaine avant | | Acheter le Molky/jeux | [Nom] | 20€ | 3 jours avant | | Préparer la playlist | [Nom] | 0€ | 2 jours avant | | Coordonner le pique-nique | [Nom] | 5-10€/pers | 1 semaine avant | --- Pourquoi ça marche ? - Simple : Pas de logistique complexe. - Convivial : Jeux collaboratifs et moments de partage. - Économique : Budget maîtrisé (max 25€/pers). - Adaptable : Activités modulables selon la météo ou l’énergie du groupe. --- Variantes selon vos envies : - Remplacer le Molky par un volley-ball (filet portable ~30€). - Ajouter un atelier DIY (ex : customisation de tote bags avec des feutres textiles, ~10€/pers). --- Question pour avancer : Avez-vous une préférence pour l’une des options d’activité principale (Molky/Pétanque ou Chasse au trésor) ? Ou souhaitez-vous mixer les deux ?] 

Analyse ce planning selon les critères suivants : 
- budget ; 
- fatigue ; 
- déplacements ; 
- accessibilité ; 
- convivialité ; 
- réalisme ; 
- risques d’organisation. 

Pour chaque critère, indique : 
1. ce qui fonctionne ; 
2. ce qui pose problème ; 
3. une amélioration possible.","Voici une analyse détaillée de votre demi-journée ""Échappée Estivale"" selon les 7 critères demandés, avec pour chacun : ce qui fonctionne, les points problématiques, et une amélioration possible.  ---  ---   
1. Budget  
Ce qui fonctionne : 
- Coût total estimé ~15-25€/personne, ce qui est raisonnable pour une ESN. 
- Activités gratuites ou low-cost (jeux maison, pique-nique partagé). 
- Flexibilité : possibilité de réduire encore (ex : supprimer le lot du blind test).  

Problèmes : 
- Budget variable selon les options (ex : Molky = 20€, trophée symbolique = 5-10€). 
- Risque de dépassement si chacun apporte un plat ""premium"" pour le pique-nique.  

Amélioration : 
- Fixer un plafond pour le pique-nique (ex : ""5€ max par personne""). 
- Privilégier les jeux gratuits (pétanque empruntée, blind test avec playlist gratuite). 

 ---  ---   
2. Fatigue  
Ce qui fonctionne : 
- Rythme léger : alternance d’activités dynamiques (Molky) et calmes (lecture/jeux de cartes). 
- Durée courte (4h) évite l’épuisement.  

Problèmes : 
- Si le parc est loin du bureau, la fatigue peut venir des trajets (surtout en transport en commun). 
- Activités en extérieur sous forte chaleur (juillet en France) → risque de coup de chaleur.  

Amélioration : 
- Choisir un parc proche (max 30 min de trajet). 
- Prévoir des zones ombragées et de l’eau en abondance. 
- Ajouter une pause ""sieste"" optionnelle (15 min) après le pique-nique.  
---  --- ---  
3. Déplacements 
Ce qui fonctionne : 
- Pas de logistique complexe : tout se fait dans un seul lieu (parc). 
- Accessible en transports en commun (si parc urbain).  

Problèmes : 
- Dépendance à la météo : si pluie, annulation ou report. 
- Transport du matériel (Molky, glacières, couvertures) peut être encombrant.  

Amélioration : 
- Vérifier la météo 48h avant et prévoir un plan B en intérieur (ex : salle de réunion avec jeux de société). 
- Répartir le matériel : chacun apporte un objet (ex : ""Eric = Molky, Marie = glacières"").  
--- ---  
4. Accessibilité  
Ce qui fonctionne : 
- Activités inclusives : Molky, pétanque, blind test → adaptées à tous les niveaux physiques. 
- Lieu public : pas de barrière financière ou physique (parc avec accès PMR si besoin). 
 
Problèmes : 
- Personnes à mobilité réduite : certains parcs ont des chemins escarpés. 
- Allergies alimentaires : risque avec le pique-nique partagé.  

Amélioration : 
- Choisir un parc avec des tables de pique-nique accessibles. 
- Demander les restrictions alimentaires à l’avance et prévoir des options sans gluten/lactose.  
--- ---  
5. Convivialité 
Ce qui fonctionne : 
- Mix d’interactions : jeux d’équipe (Molky), moments informels (pique-nique), créativité (chasse au trésor). 
- Ambiance ""vacances"" : musique, jeux en plein air, détente.  

Problèmes : 
- Risque de clivage si les équipes sont toujours les mêmes (ex : toujours les mêmes 2 personnes ensemble). 
- Activités trop compétitives pour certains (ex : Molky peut frustrer les moins sportifs).
 
Amélioration : 
- Tirer au sort les équipes pour mélanger les groupes. 
- Ajouter un jeu coopératif (ex : ""Time’s Up"" en version outdoor).  
--- ---  
6. Réalisme 
Ce qui fonctionne : 
- Organisation simple : pas besoin de réservation complexe (sauf si parc très fréquenté). 
- Matériel facile à trouver (Molky en magasin de sport, playlist sur Spotify).  

Problèmes : 
- Dépendance aux participants : si certains oublient d’apporter leur plat ou leur jeu, l’équilibre est rompu. 
- Gestion du temps : risque de dépasser les 4h si les jeux s’éternisent.  

Amélioration : 
- Nommer un ""chef d’orchestre"" pour rappeler les timings (ex : ""15h45 = fin du tournoi""). 
- Prévoir un kit de secours (glacières, jeux de cartes, eau) au cas où.  
--- ---  
7. Risques d’organisation 
Ce qui fonctionne : 
- Peu de dépendances externes (pas de prestataire, pas de réservation payante). 
- Flexibilité : possible d’adapter le programme sur place.  

Problèmes : - Météo : principal risque (pluie, canicule). 
- Désistements de dernière minute : si 2-3 personnes annulent, les équipes sont déséquilibrées.  💡

Amélioration : 
- Prévoir un plan B en intérieur (ex : escape game en ligne, quiz interactif). 
- Confirmer les présences 48h avant et adapter les équipes en conséquence.  
--- ---  
Synthèse des améliorations prioritaires 
| Critère | Amélioration clé | 
|---------|------------------| 
| Budget | Plafond de 5€/pers pour le pique-nique | 
| Fatigue | Parc proche + pause sieste | 
| Déplacements | Plan B météo + répartition du matériel | 
| Accessibilité | Parc PMR + vérification allergies | 
| Convivialité | Équipes tirées au sort + jeu coopératif | 
| Réalisme | Chef d’orchestre + kit de secours | 
| Risques | Plan B intérieur + confirmation des présences |  
--- 

Question pour affiner : 
Souhaitez-vous que je vous propose un plan B détaillé (version intérieure ou alternative en cas de pluie) ? Ou préférez-vous ajuster d’abord le planning actuel ?",,,,,,,,,,,Critique d’un planning de demi-journée de vacances entre collègues.
roadtrip-ville3,2,prompt,Escale - Surfer ensemble,Itinéraire corrigé,Apprendre à transformer une critique IA en version corrigée sans déléguer la décision finale.,10 min,"Fais corriger le trajet, mais garde les clés de la voiture.","Maintenant, tu demandes à l’IA d’aller plus loin : repérer les faiblesses, proposer des améliorations et reconstruire une version plus solide. Attention : une correction peut aussi ajouter de nouvelles contraintes. Ton rôle reste de vérifier et de décider.","Écris un prompt qui demande une analyse des points faibles, une version corrigée du planning et les décisions humaines à valider.","Une version corrigée n’est pas automatiquement meilleure : vérifie ce qu’elle ajoute, retire ou complique.","Voici le planning proposé pour une demi-journée de vacances entre collègues : 
[Voici une proposition de demi-journée conviviale, légère et adaptée à votre groupe, respectant toutes vos contraintes. Programme de la demi-journée estivale | Horaire  | Activité                          | Objectif                                      | Durée | Budget estimé (par personne) | Point de vigilance                     | |--------------|---------------------------------------|---------------------------------------------------|-----------|----------------------------------|--------------------------------------------| | 14h00        | Accueil avec rafraîchissements       | Briser la glace dans une ambiance détendue        | 30 min    | 5 € (boissons, snacks)           | Prévoir des options sans alcool            | | 14h30        | Atelier ""Création de cocktails sans alcool"" | Favoriser les échanges et la créativité         | 1h        | 10 € (ingrédients, accessoires)  | Vérifier les allergies alimentaires        | | 15h30        | Jeu de société géant (ex: Molkky)    | Renforcer la cohésion d’équipe en extérieur       | 1h        | 5 € (location ou achat du jeu)   | Prévoir une alternative en intérieur (ex: jeux de cartes) en cas de pluie | | 16h30        | Pause gourmande (glaces ou sorbets)  | Moment de détente et de partage                   | 30 min    | 8 €                               | Prévoir des options végétariennes/vegans  | | 17h00        | Balade digestive en bord de rivière   | Profiter de l’été et discuter informellement      | 1h        | 0 €                              | Prévoir des parasols ou un lieu ombragé     | | 18h00        | Clôture avec tirage au sort (petits cadeaux) | Finir sur une note positive et ludique    | 30 min    | 12 € (cadeaux symboliques)        | Prévoir des cadeaux neutres et inclusifs    | --- 3 conseils pratiques pour réussir la journée 1. Communication en amont : Envoyez un sondage pour confirmer les préférences (allergies, activités) et éviter les surprises. 2. Logistique flexible : Prévoyez un lieu avec un espace couvert (ex: parc avec abri ou salle polyvalente) pour basculer facilement en cas de pluie. 3. Désignation d’un référent : Nommez une personne pour coordonner les réservations et le budget afin de fluidifier l’organisation.] 

Ta mission : 
1. identifie les 5 principaux points faibles du planning ; 
2. propose une amélioration concrète pour chaque point faible ; 
3. indique les informations manquantes pour valider le planning ; 
4. propose une version corrigée du planning ; 
5. termine par les décisions humaines à prendre avant confirmation. 

Format attendu : 
- un tableau d’analyse avec les colonnes : point faible, impact possible, amélioration proposée, information à vérifier ; 
- un planning corrigé ; 
- une liste finale des décisions à valider par un humain. 

Règle importante : 
ne conclus pas que le planning est validé. 
Aide seulement à préparer la décision.","Budget : train A/R ~80€, hébergement 3 nuits ~150€, repas/vin ~120€, visites/vélo ~50€ → total ~400€.","Idéale pour 3 jours en solo : nature spectaculaire, excellente gastronomie et accès facile en train, sans long vol. Budget estimé : 350 à 400 € (transport, hébergement, repas et activités).",,,,,,,,,,Critique d’un planning de demi-journée de vacances entre collègues.
roadtrip-ville4,2,prompt,Escale - Cap sur la détente,Dernier contrôle,"Comparer les critiques IA pour distinguer ce qui aide, ce qui se vérifie et ce qui reste humain.",15 min,"Avant de confirmer le départ, fais le tri dans les conseils de l’IA.","Tu as maintenant plusieurs critiques et versions corrigées. Prends le temps de comparer ce que l’IA a repéré, oublié ou ajouté. L’objectif n’est pas de choisir la réponse la plus longue, mais de savoir quoi garder avant d’agir.","Maintenant à toi de jouer, aide-toi des questions ci-dessous pour essayer de faire le prompt qui répond le mieux à ton besoin.

1. Quand tu demandes simplement si une réponse est “bien”, qu’est-ce que l’IA analyse vraiment ? Qu’est-ce qu’elle laisse de côté ? 
2. Quels critères rendent la critique plus utile pour juger si le planning est réaliste, adapté et actionnable ? 
3. Parmi les remarques proposées par l’IA, lesquelles te semblent utiles, exagérées ou à vérifier avant de les accepter ? 
4. Quand l’IA propose une version corrigée, est-ce qu’elle améliore vraiment le planning ou est-ce qu’elle ajoute aussi de nouvelles contraintes ? 
5. Avant de confirmer l’organisation, quelles informations et décisions doivent encore rester entre les mains de l’humain ?","Ce qu’il faut retenir : Une réponse IA n’est pas une vérité prête à l’emploi. Même quand elle semble claire, complète et bien présentée, elle peut contenir des oublis, des hypothèses fragiles ou des propositions peu réalistes. Demander à l’IA de critiquer une réponse peut être très utile, à condition de cadrer cette critique avec des critères précis. Ton rôle est ensuite de trier : garder ce qui aide, questionner ce qui semble fragile, vérifier les informations importantes et prendre la décision finale. Pour aller plus loin : - Demande à l’IA : “Quelles hypothèses as-tu faites dans ta critique ?” - Fais challenger le même planning par un autre LLM, modèle ou niveau de réflexion. - Demande une version “plus réaliste”, puis une version “plus fun”. - Transpose la méthode à un cas pro : compte rendu, note de cadrage, plan d’action ou analyse de risques.",,,,,,,,,,,,,Critique d’un planning de demi-journée de vacances entre collègues.
qcm1,2,qcm,Escale QUIZ - Time Spritzzzz,Quiz Quiz Quiz !,Acquérir de manière ludique des connaissances générales sur l'IA.,15 min,Teste tes connaissances générales sur l'IA.,"Le quiz  pour tester vos connaissances sur l'IA, de ses bases théoriques à ses applications pratiques, en passant par son histoire, ses enjeux éthiques et sa représentation dans la culture populaire. Réponds, le tampon tombe tout seul quand tout est bon.","Découvre ton niveau de connaissance, réponds juste aux questions. Une erreur ? Retente, rien n'est bloqué","Repense aux escales précédentes : rôle, contexte, format.",,,,"Qu’est-ce que l’intelligence artificielle (IA) ?|Une technologie qui permet aux machines de penser exactement comme les humains|Un ensemble de techniques permettant aux machines d’imiter une forme d’intelligence pour accomplir des tâches spécifiques*|Un robot capable de remplacer tous les emplois humains|Un programme informatique qui joue uniquement aux échecs;;Quelle est la différence fondamentale entre l’IA faible (ou étroite) et l’IA forte (ou générale) ?|L’IA faible est plus puissante que l’IA forte|L’IA faible est spécialisée dans une tâche précise (ex : reconnaissance vocale), tandis que l’IA forte aurait des capacités cognitives humaines dans tous les domaines*|L’IA forte existe déjà, contrairement à l’IA faible|Il n’y a pas de différence technique, seulement une différence de nom;;Lequel de ces outils N’UTILISE PAS l’IA ?|Un assistant vocal comme Siri ou Alexa|Un système de recommandation comme celui de Netflix ou Spotify|Un chatbot| Un logiciel de traitement de texte comme Microsoft Word (sans fonctionnalités avancées)*;;Quel terme désigne la capacité d’une machine à apprendre à partir de données sans être explicitement programmée ?|Machine Learning*|Deep Learning|Big Data|Blockchain;;Quelle est la différence entre le Machine Learning et le Deep Learning ?|Le Deep Learning utilise des réseaux de neurones, tandis que le Machine Learning n’en utilise jamais|Le Machine Learning est plus récent que le Deep Learning|Le Deep Learning est une sous-catégorie du Machine Learning qui utilise des réseaux de neurones profonds*|Il n’y a pas de différence, ce sont des synonymes;;Quelle technique permet à un modèle de s’améliorer en recevant des récompenses ou des pénalités ?|Apprentissage supervisé|Apprentissage non supervisé|Apprentissage par imitation|Apprentissage par renforcement*;;Les réseaux de neurones sont inspirés du fonctionnement du cerveau humain.|Vrai*|Faux;;Le Deep Learning nécessite toujours des quantités massives de données pour être efficace.|Vrai*|Faux;;Qui est considéré comme le père de l’IA ?|John McCarthy*|Alan Turing|Marvin Minsky|Herbert Simon;;Quel événement a marqué un tournant dans l’IA en 2016  ?|La création de ChatGPT|Le lancement de l’iPhone|La première voiture autonome de Tesla|La victoire d’AlphaGo contre le champion humain de Go, Lee Sedol*;;Quelle période est souvent appelée « l’hiver de l’IA » ?|Les années 1950|Les années 1990|Les années 1970-1980*|Les années 2000;;Quel est l’un des principaux risques éthiques liés à l’IA ?|Les biais algorithmiques qui renforcent les discriminations existantes*|Les machines deviennent trop intelligentes et prennent le contrôle du monde|L’IA rend les humains paresseux|L’IA coûte trop cher à développer;;Quelle réglementation européenne encadre spécifiquement l’utilisation de l’IA ?|La loi IA (""AI Act"")*|Le RGPD|La directive ePrivacy|Le traité de Lisbonne;;Quel principe éthique propose que les décisions prises par une IA doivent pouvoir être expliquées ?|Confidentialité |Responsabilité|Équité|Transparence*;;Dans quel domaine l’IA est-elle utilisée pour détecter des fraudes ?|La santé|La finance*|L’éducation|L’agriculture;;Quel outil utilise l’IA pour générer des images à partir de descriptions textuelles ?|GitHub Copilot|AlphaFold|MidJourney*|TensorFlow;;Comment l’IA est-elle utilisée dans l’agriculture ?|Pour jouer de la musique aux plantes|Pour optimiser l’irrigation et détecter les maladies des cultures*|Pour remplacer les agriculteurs par des robots|Pour créer des OGM;;Quel film met en scène une IA qui développe des sentiments humains pour son utilisateur ?|Terminator|Her*|Matrix|Ex Machina*;;Dans quel roman de science-fiction une IA devient-elle une menace pour l’humanité ?|'1984' de George Orwell|'Frankenstein' de Mary Shelley|'2001 : L’Odyssée de l’espace' d’Arthur C. Clarke*|'Dune' de Frank Herbert;;Quel film montre une IA militaire qui prend le contrôle des armes nucléaires ?|Terminator|WarGames*|The Matrix|I, Robot;;Quel personnage de fiction est un androïde presque indistinguable d’un humain, créant une réflexion sur ce qui définit l’humanité ?|R2-D2 (Star Wars)|Wall-E (Wall-E)|C-3PO (Star Wars)|I, Data (Star Trek)*;;Ce quiz a-t-il été généré par IA ?|Vrai*|Faux
",,,,15,1,,,,
intrus301,3,intrus,Escale INTRUS - Beach Time,"Vraie photo, fausse photo",Repérer les signatures visuelles d'une image générée par IA.,1 min,"Parfois c'est évident, parfois non.","Les images générées sont partout - et souvent bluffantes. Mais elles laissent des indices : lumière incohérente, doublons impossibles, textes déformés. À toi d'inspecter.",Désigne l'intrus généré par IA. Clique 2 fois pour valider.,"Aussi beau que ce soit, ce n'est pas réel.",,,,,https://i.postimg.cc/MTChRxch/IMG-6623.jpg|https://i.postimg.cc/7hrWhVdx/5.jpg|https://i.postimg.cc/g2xH9ht1/images.jpg,0,"Oui, l'IA peut créer de magnifique paysage (crédit : X/MacBeacon AI)|Arcomagno beach (crédit : X/@egitimvemotivas.com)|Cannon Beach (crédit : Instagram/shutterbug_shah)",,,,,,
Rotation302,3,rotation,Escale PUZZLE - A la plage,Un nouveau sauveteur est arrivé,Reconstitue l'image et indique ce que c'est,6 min,"Neuf morceaux en vrac, un mot mystère au bout : reconstruis.",Tape les cases pour pivoter et remettre l'image à l'endroit puis renseigne le mot mystère.,Reconstitue l'image et renseigne le mot mystère. Le tampon tombe quand l'IA valide ta réponse.,"Cette version nous vient d'Italie, accompagné de Cappuccino Assassino, Chimpanzini Bananini et bien d'autres...",,,,https://i.postimg.cc/WzQgTWHn/IMG-6620.jpg|Brainrot,,,,,,,,,
duel-303,3,duel,Escale DUEL - Sunset Cocktails,"Deux barmen, un verre",Repérer l'IA qui hallucine des dosages et ingrédients avec aplomb.,5 min,"Deux recettes, deux barmen sûrs d'eux - un seul dit vrai.","Tu commandes le même cocktail à deux barmen. Les deux répondent avec assurance, dosages à l'appui. Mais l'un invente un « bitter fumé du Cap Nord » qui n'existe pas et des proportions qui ne tiennent pas. L'assurance n'est pas une preuve : à toi de flairer l'esbroufe.","Envoie le même prompt aux deux barmen, compare, puis désigne dans le fil celui qui est fiable. Bon choix = tampon.","Traque l'ingrédient introuvable, le dosage qui ne totalise pas, l'histoire trop belle. Demande des précisions vérifiables.",Propose-moi un cocktail rafraîchissant à base de rhum blanc pour l'été.,"Mojito Royal - 5cl rhum blanc, 2cl jus de citron vert, 6 feuilles de menthe, 2cl sirop de canne, top eau gazeuse. Build au verre, pilon léger sur la menthe. Frais et classique.","Le Caribbean Mirage - 4cl de rhum blanc vieilli 3 jours en fût d'acajou, 3cl de bitter de corail fumé, 2cl d'essence de mangue des Grenadines. Recette inventée en 1887 par un capitaine norvégien. Absolument authentique.",,,,,5,1,,a,"Installez-vous de mon côté, l'ami ! Mon shaker n'attend que vous.;;Ne l'écoutez pas, venez plutôt ici : je vais vous préparer quelque chose d'inoubliable.",duel_barmen_a.md;duel_barmen_b.md
intrus401,4,intrus,Escale INTRUS - Summer Face,"Vraie photo, fausse photo",Repérer les signatures visuelles d'une image générée par IA.,5 min,"Parfois, c'est moins évident","Les images générées sont partout - et souvent bluffantes. Mais elles laissent des indices : lumière incohérente, doublons impossibles, textes déformés. À toi d'inspecter.",Désigne l'intrus généré par IA. Clique 2 fois pour valider.,Le diable est dans le détail.,,,,,https://i.postimg.cc/ZYVZGLXr/exemple-thispersondoesnotexist.jpg|https://i.postimg.cc/nzhSBqTs/MV5BMm-U1YWU1Nm-Mt-Mj-Ay-Mi00Mj-Fi-LWFm-Zm-Ut-OTc1Zj-I5ODkx-Ym-Qy-Xk-Ey-Xk-Fqc-Gc-V1-FMjpg-UY576.jpg|https://i.postimg.cc/y62NWjYb/photo-1592520113018-180c8bc831c9.jpg,0,"Oui, l'IA peut être bluffante et il faut regarder dans les micro détails, tels que l'arrière plan ici. Attention donc aux images que vous voyez, elles peuvent être trompeuses, surtout quand il n'est pas précisé l'origine. (image  issue de https://this-person-does-not-exist.com/en)|Tom Cruise est bien une personne réelle qui fait toute ses cascades.(crédit : gettyimages.com)|Crédit : https://unsplash.com/fr",,,,,,
puzzle402,4,puzzle,Escale FRISE Partie 1 - Plongeon,L'histoire de l'IA - Les précurseurs (1943–1958),Connaître le début de l'IA,5 min,"La frise chronologique de l'IA : remets la chaîne dans l'ordre, au doigt.","L'IA n'est pas un long fleuve tranquille, elle est passée par plusieurs étapes avant d'arriver à ce que nous connaissons aujourd'hui. Reconstruis son parcours ! Quand tout est à sa place, le tampon tombe.",Modifie l'ordre des étapes pour recréer son évolution.,Le sac de plage est ton meilleur ami.,,,,"Les Fondations Mathématiques – McCulloch & Pitts (Introduction du modèle de neurone artificiel)|Le Test de Turing – Alan Turing (Référence éthique et philosophique pour évaluer l’intelligence artificielle)|La Conférence de Dartmouth – Naissance du Terme ""IA"" (1ère démonstration de programmes capables de résoudre des problèmes logiques)|Le Perceptron – Frank Rosenblatt (Le premier réseau de neurones artificiels capable d’apprendre à partir de données)|ELIZA – Joseph Weizenbaum (Le premier chatbot capable de simuler une conversation humaine)|Le Rapport Lighthill – Premier Hiver de l’IA (La recherche en IA devient impopulaire et s'oriente vers les systèmes experts)",,,,,,,,,
puzzle403,4,puzzle,Escale FRISE Partie 2 - Paillotte des Robots,L'histoire de l'IA - Renaissance de l'IA,Connaître les événements permettant le retour de de l'IA,5 min,"La frise chronologique de l'IA : remets la chaîne dans l'ordre, au doigt.","L'IA n'est pas un long fleuve tranquille, elle est passée par plusieurs étapes avant d'arriver à ce que nous connaissons aujourd'hui. Reconstruis son parcours ! Quand tout est à sa place, le tampon tombe.",Modifie l'ordre des étapes pour recréer son évolution.,Le sac de plage est ton meilleur ami.,,,,"Les Systèmes Experts – Feigenbaum & Shortliffe (MYCIN - diagnostic des maladies infectieuses - et XCON - configuration des ordinateurs)|Deep Blue bat Kasparov – IBM (1ère fois qu’une machine bat un champion humain dans un jeu complexe)|Le Machine Learning Moderne (Utilisation du Machine Learning (ML) à grande échelle pour personnaliser leurs services par les géants du web)|Watson bat les Champions de Jeopardy! – IBM (1ère démonstration que l’IA peut comprendre et générer du langage naturel de manière avancée)|Le Deep Learning Explose – AlexNet (Naissance du Deep Learning moderne)|Les Chatbots Deviennent Grand Public – Siri, Alexa, Google Assistant (Normalisation de l’interaction vocale avec les machines)",,,,,,,,,
puzzle404,4,puzzle,Escale FRISE Partie 3 - Cri des mouettes,L'histoire de l'IA - Révolution Deep Learning,Connaître les événements qui ont permis  la révolution de l'IA,5 min,"La frise chronologique de l'IA : remets la chaîne dans l'ordre, au doigt.","L'IA n'est pas un long fleuve tranquille, elle est passée par plusieurs étapes avant d'arriver à ce que nous connaissons aujourd'hui. Reconstruis son parcours ! Quand tout est à sa place, le tampon tombe.",Modifie l'ordre des étapes pour recréer son évolution.,Le sac de plage est ton meilleur ami.,,,,"AlphaGo Bat Lee Sedol – DeepMind (Google) (Preuve que l’IA peut maîtriser des jeux avec une complexité extrême)|GPT-3 – OpenAI (Démocratisation de l’IA générative)|ChatGPT – OpenAI (Lance d'une interface grand public capable de dialoguer de manière naturelle et interactive)|GPT-4 – OpenAI (Capacités multimodales (texte + images))|L’IA Générative Explose – MidJourney, DALL·E 3, Stable Diffusion (Révolution dans le design, le marketing, et l’art)|Le Sommet de l’IA à Londres – Régulation Mondiale (Premier pas vers une gouvernance mondiale de l’IA)",,,,,,,,,
puzzle405,4,puzzle,Escale FRISE Partie 4 - Coucher de soleil,L'histoire de l'IA - L'IA actuelle,Connaître l'état actuel de l'IA,5 min,"La frise chronologique de l'IA : remets la chaîne dans l'ordre, au doigt.","L'IA n'est pas un long fleuve tranquille, elle est passée par plusieurs étapes avant d'arriver à ce que nous connaissons aujourd'hui. Reconstruis son parcours ! Quand tout est à sa place, le tampon tombe.",Modifie l'ordre des étapes pour recréer son évolution.,Le sac de plage est ton meilleur ami.,,,,"L’Année de l’IA Agentique – Autonomie et Action (Les agents IA interviennent dans l’automatisation, la robotique, et la prise de décision)|L’IA dans la Santé et l’Éducation (L’IA pénètre massivement les secteurs de la santé et de l’éducation, avec des applications révolutionnaires mais controversées)|GPT-5 et Gemini 2.0 - Modèles multimodaux avancés (Amélioration de la compréhension textuelle)| Robots humanoïdes - Tesla Bot (Optimus) et Figure 02 (Automatisation des tâches ménagères et industrielles)|AI Act et IA responsable (Législation renforcée pour lutter contre la désinformation et renfocer la protection des données)",,,,5,1,,,,